AAA Amanah Syariah Fund (AAAMANS),AAAMANS:IJ,Open-End Fund,Dynamic Allocation,http://www.bloomberg.com/quote/AAAMANS:IJ
AAA Balanced Fund (AAABALF),AAABALF:IJ,Open-End Fund,Dynamic Allocation,http://www.bloomberg.com/quote/AAABALF:IJ
AAA Balanced Fund II (AAABAL2),AAABAL2:IJ,Open-End Fund,Dynamic Allocation,http://www.bloomberg.com/quote/AAABAL2:IJ
AAA Blue Chip Value Fund 2 (AAABCV2),AAABCV2:IJ,Open-End Fund,Growth Large Cap,http://www.bloomberg.com/quote/AAABCV2:IJ
AAA Bond Fund 2 (AAABD2),AAABD2:IJ,Open-End Fund,Aggregate Bond,http://www.bloomberg.com/quote/AAABD2:IJ
AAA Enhanced Strategy Fund (AAAENST),AAAENST:IJ,Open-End Fund,Growth Broad Market,http://www.bloomberg.com/quote/AAAENST:IJ
AAA Equity Fund (AAAEQTY),AAAEQTY:IJ,Open-End Fund,Growth Broad Market,http://www.bloomberg.com/quote/AAAEQTY:IJ
AAA Optimal Income Fund (AAAOPIF),AAAOPIF:IJ,Open-End Fund,Aggregate Bond,http://www.bloomberg.com/quote/AAAOPIF:IJ
AFI Dynamic Money Rp (AFIDMRP),AFIDMRP:IJ,Open-End Fund,Aggregate Bond,http://www.bloomberg.com/quote/AFIDMRP:IJ
AFI Progressive Money Rp (AFIPMRP),AFIPMRP:IJ,Open-End Fund,Moderate Allocation,http://www.bloomberg.com/quote/AFIPMRP:IJ
AFI Secure Money Rp (AFISMRP),AFISMRP:IJ,Open-End Fund,Aggregate Bond,http://www.bloomberg.com/quote/AFISMRP:IJ
AIA Financial IDR Balanced Fund (AIAIBAL),AIAIBAL:IJ,Open-End Fund,Dynamic Allocation,http://www.bloomberg.com/quote/AIAIBAL:IJ
AIA Financial IDR Balanced Syariah Fund (AIAIBSF),AIAIBSF:IJ,Open-End Fund,Dynamic Allocation,http://www.bloomberg.com/quote/AIAIBSF:IJ
AIA Financial IDR Cash Syariah Fund (AIAICSF),AIAICSF:IJ,Open-End Fund,General (Non-US),http://www.bloomberg.com/quote/AIAICSF:IJ
AIA Financial IDR China-India-Indonesia Equity Fund (PTAIACI),PTAIACI:IJ,Open-End Fund,Multiple Country,http://www.bloomberg.com/quote/PTAIACI:IJ
AIA Financial IDR Dana Berkah Fund (AIAIDBF),AIAIDBF:IJ,Open-End Fund,General (Non-US),http://www.bloomberg.com/quote/AIAIDBF:IJ
AIA Financial IDR Equity Syariah Fund (AIAIESF),AIAIESF:IJ,Open-End Fund,Blend Broad Market,http://www.bloomberg.com/quote/AIAIESF:IJ
AIA Financial IDR Equity Fund (AIAIEQT),AIAIEQT:IJ,Open-End Fund,Growth Broad Market,http://www.bloomberg.com/quote/AIAIEQT:IJ
AIA Financial IDR Fixed Income Fund (AIAIFIX),AIAIFIX:IJ,Open-End Fund,Aggregate Bond,http://www.bloomberg.com/quote/AIAIFIX:IJ
AIA Financial IDR Money Market Fund (AIAIMMF),AIAIMMF:IJ,Open-End Fund,General (Non-US),http://www.bloomberg.com/quote/AIAIMMF:IJ
AIA Financial USD Fixed Income Fund (AIAUFIX),AIAUFIX:IJ,Open-End Fund,Foreign Aggregate Bond,http://www.bloomberg.com/quote/AIAUFIX:IJ
Allianz SmartWealth Equity IndoAsia Fund (AZRPIAS),AZRPIAS:IJ,Open-End Fund,Asian Pacific Region ex Japan,http://www.bloomberg.com/quote/AZRPIAS:IJ
Allianz SmartWealth US Dollar IndoAsia Equity Fund (AZUSIAS),AZUSIAS:IJ,Open-End Fund,Asian Pacific Region ex Japan,http://www.bloomberg.com/quote/AZUSIAS:IJ
Allianz SmartWealth Best of Best Indonesia Fund (AZRPBOB),AZRPBOB:IJ,Open-End Fund,Blend Broad Market,http://www.bloomberg.com/quote/AZRPBOB:IJ
Allianz SmartWealth Equity Indoconsumer Fund (AZRPCON),AZRPCON:IJ,Open-End Fund,Consumer Staples,http://www.bloomberg.com/quote/AZRPCON:IJ
Allianz SmartWealth LiquiFlex LQ45 (AZRPLQF),AZRPLQF:IJ,Open-End Fund,Growth Broad Market,http://www.bloomberg.com/quote/AZRPLQF:IJ
Allianz SmartWealth Equity Infrastructure Fund (AZRPINF),AZRPINF:IJ,Open-End Fund,Industrial Sector,http://www.bloomberg.com/quote/AZRPINF:IJ
Allianz SmartWealth Equity Small Medium Capital Fund (AZRPSMC),AZRPSMC:IJ,Open-End Fund,Growth Mid Cap,http://www.bloomberg.com/quote/AZRPSMC:IJ
Allisya Rupiah Balanced Fund (AZSRPBL),AZSRPBL:IJ,Open-End Fund,Dynamic Allocation,http://www.bloomberg.com/quote/AZSRPBL:IJ
Allisya Rupiah Equity Fund (AZSRPEQ),AZSRPEQ:IJ,Open-End Fund,Thematic Sector,http://www.bloomberg.com/quote/AZSRPEQ:IJ
Allisya Rupiah Fixed Income Fund (AZSRPFI),AZSRPFI:IJ,Open-End Fund,Aggregate Bond,http://www.bloomberg.com/quote/AZSRPFI:IJ
Archipelago Balance Fund (ARCHIBF),ARCHIBF:IJ,Open-End Fund,Dynamic Allocation,http://www.bloomberg.com/quote/ARCHIBF:IJ
Archipelago Equity Growth (ARCHIEG),ARCHIEG:IJ,Open-End Fund,Growth Broad Market,http://www.bloomberg.com/quote/ARCHIEG:IJ
Ashmore Dana Ekuitas Nusantara (ASHEKNU),ASHEKNU:IJ,Open-End Fund,Growth Broad Market,http://www.bloomberg.com/quote/ASHEKNU:IJ
Ashmore Dana Obligasi Nusantara (ASHDOBN),ASHDOBN:IJ,Open-End Fund,Aggregate Bond Long,http://www.bloomberg.com/quote/ASHDOBN:IJ
Ashmore Dana Progresif Nusantara (ASHPRON),ASHPRON:IJ,Open-End Fund,Growth Small Cap,http://www.bloomberg.com/quote/ASHPRON:IJ
Avrist Balanced Amar Syariah (AVBAASY),AVBAASY:IJ,Open-End Fund,Moderate Allocation,http://www.bloomberg.com/quote/AVBAASY:IJ
Avrist Balanced-Cross Sectoral (AVBACST),AVBACST:IJ,Open-End Fund,Dynamic Allocation,http://www.bloomberg.com/quote/AVBACST:IJ
Avrist Equity Amar Syariah (AVEQASY),AVEQASY:IJ,Open-End Fund,Aggressive Allocation,http://www.bloomberg.com/quote/AVEQASY:IJ
Avrist Equity-Cross Sectoral (AVEQCST),AVEQCST:IJ,Open-End Fund,Growth Broad Market,http://www.bloomberg.com/quote/AVEQCST:IJ
Avrist Link Access Cash Fund (AILKCSH),AILKCSH:IJ,Open-End Fund,General (Non-US),http://www.bloomberg.com/quote/AILKCSH:IJ
Avrist Link Advised RP Fund (AIALKAD),AIALKAD:IJ,Open-End Fund,Aggressive Allocation,http://www.bloomberg.com/quote/AIALKAD:IJ
Avrist Link Aggressive RP Fund (AILKAGR),AILKAGR:IJ,Open-End Fund,Growth Broad Market,http://www.bloomberg.com/quote/AILKAGR:IJ
Avrist Link Assured USD Fund (AIASSRD),AIASSRD:IJ,Open-End Fund,Aggregate Bond USD Focused,http://www.bloomberg.com/quote/AIASSRD:IJ
Avrist Link Assured RP Fund (AILKDRP),AILKDRP:IJ,Open-End Fund,Aggregate Bond,http://www.bloomberg.com/quote/AILKDRP:IJ
Avrist Link ASYA Balanced Rupiah Fund (AIYSBLC),AIYSBLC:IJ,Open-End Fund,Conservative Allocation,http://www.bloomberg.com/quote/AIYSBLC:IJ
Avrist Link ASYA Cash Rupiah Fund (AICSHRU),AICSHRU:IJ,Open-End Fund,General (Non-US),http://www.bloomberg.com/quote/AICSHRU:IJ
Avrist Link ASYA Equity Rupiah Fund (AIYSAEQ),AIYSAEQ:IJ,Open-End Fund,Thematic Sector,http://www.bloomberg.com/quote/AIYSAEQ:IJ
Avrist Link Rupiah Growth Fund (AIALGRW),AIALGRW:IJ,Open-End Fund,Aggressive Allocation,http://www.bloomberg.com/quote/AIALGRW:IJ
Avrist Link Rupiah Moderate Fund (AILMODR),AILMODR:IJ,Open-End Fund,Moderate Allocation,http://www.bloomberg.com/quote/AILMODR:IJ
Avrist Link Rupiah Secured Fund (AIRUPSC),AIRUPSC:IJ,Open-End Fund,General Corporate Bond,http://www.bloomberg.com/quote/AIRUPSC:IJ
Avrist Link Treasure Plus US$ Fund (AITRSUR),AITRSUR:IJ,Open-End Fund,General Corporate Bond,http://www.bloomberg.com/quote/AITRSUR:IJ
AXA Citradinamis (BLSDINI),BLSDINI:IJ,Open-End Fund,Growth Broad Market,http://www.bloomberg.com/quote/BLSDINI:IJ
AXA MaestroDollar (AXAMADO),AXAMADO:IJ,Open-End Fund,Aggregate Bond USD Focused,http://www.bloomberg.com/quote/AXAMADO:IJ
AXA Maestroobligasi Plus (AXAMAES),AXAMAES:IJ,Open-End Fund,Conservative Allocation,http://www.bloomberg.com/quote/AXAMAES:IJ
Bahana A Optima Protected Fund 22 (BAHPR22),BAHPR22:IJ,Closed-End Fund,Aggregate Bond Long,http://www.bloomberg.com/quote/BAHPR22:IJ
Bahana ETF INDONESIA BOND INDEX FUND (R/ABFII),R/ABFII:IJ,ETF,Aggregate Bond,http://www.bloomberg.com/quote/R+ABFII:IJ
Bahana Kehati Lestari (BAHLEST),BAHLEST:IJ,Open-End Fund,Aggregate Bond,http://www.bloomberg.com/quote/BAHLEST:IJ
Bahana Makara Abadi (BTCWUT2),BTCWUT2:IJ,Open-End Fund,Aggregate Bond,http://www.bloomberg.com/quote/BTCWUT2:IJ
Bahana Quant Strategy (BAHQUST),BAHQUST:IJ,Open-End Fund,Dynamic Allocation,http://www.bloomberg.com/quote/BAHQUST:IJ
Bahana TCW Dana Infrastruktur (BTCWDFI),BTCWDFI:IJ,Open-End Fund,Aggressive Allocation,http://www.bloomberg.com/quote/BTCWDFI:IJ
Bahana TCW Dana Likuid (BTCWLKD),BTCWLKD:IJ,Open-End Fund,General (Non-US),http://www.bloomberg.com/quote/BTCWLKD:IJ
Bahana TCW Dana Prima (BCTWPRI),BCTWPRI:IJ,Open-End Fund,Growth Broad Market,http://www.bloomberg.com/quote/BCTWPRI:IJ
Bahana TCW Dana Selaras (BTCWDSI),BTCWDSI:IJ,Open-End Fund,Moderate Allocation,http://www.bloomberg.com/quote/BTCWDSI:IJ
Bahana TCW Ganesha Abadi (BTCWGAN),BTCWGAN:IJ,Open-End Fund,Aggregate Bond,http://www.bloomberg.com/quote/BTCWGAN:IJ
Bahana TCW Kombinasi Arjuna (BTCWKOA),BTCWKOA:IJ,Open-End Fund,Dynamic Allocation,http://www.bloomberg.com/quote/BTCWKOA:IJ
Bahana TCW Optima Pendapatan Abadi (BTCWOPA),BTCWOPA:IJ,Open-End Fund,Aggregate Bond Long,http://www.bloomberg.com/quote/BTCWOPA:IJ
Bahana TCW Pendapatan Tetap Abadi 2 (BTCWTA2),BTCWTA2:IJ,Open-End Fund,Government Long,http://www.bloomberg.com/quote/BTCWTA2:IJ
Bahana TCW Pendapatan Tetap Utama (BTCWTAM),BTCWTAM:IJ,Open-End Fund,Aggregate Bond,http://www.bloomberg.com/quote/BTCWTAM:IJ
Bahana Trailblazer Fund (TRAILBZ),TRAILBZ:IJ,Open-End Fund,Growth Broad Market,http://www.bloomberg.com/quote/TRAILBZ:IJ
Batavia - Si Danaobligasi Maxima (BAOBMAX),BAOBMAX:IJ,Open-End Fund,Aggregate Bond,http://www.bloomberg.com/quote/BAOBMAX:IJ
Batavia Dana Dinamis (BIRADINA),BIRADINA:IJ,Open-End Fund,Dynamic Allocation,http://www.bloomberg.com/quote/BIRADINA:IJ
Batavia Dana Kas Maxima (BAKAMAX),BAKAMAX:IJ,Open-End Fund,General (Non-US),http://www.bloomberg.com/quote/BAKAMAX:IJ
Batavia Dana Obligasi Ultima (BAOBULT),BAOBULT:IJ,Open-End Fund,Aggregate Bond,http://www.bloomberg.com/quote/BAOBULT:IJ
Batavia Dana Obligasi Plus (BDOPLUS),BDOPLUS:IJ,Open-End Fund,Aggregate Bond,http://www.bloomberg.com/quote/BDOPLUS:IJ
Batavia Dana Obligasi Andalan (BDOABAM),BDOABAM:IJ,Open-End Fund,Aggregate Bond,http://www.bloomberg.com/quote/BDOABAM:IJ
Batavia Dana Obligasi Sentosa (BDOSBAM),BDOSBAM:IJ,Open-End Fund,Aggregate Bond,http://www.bloomberg.com/quote/BDOSBAM:IJ
Batavia Dana Saham (BIRADSI),BIRADSI:IJ,Open-End Fund,Growth Broad Market,http://www.bloomberg.com/quote/BIRADSI:IJ
Batavia Dana Saham Agro (BATAGRO),BATAGRO:IJ,Open-End Fund,Blend Broad Market,http://www.bloomberg.com/quote/BATAGRO:IJ
Batavia Dana Saham Optimal (BADOPTI),BADOPTI:IJ,Open-End Fund,Blend Broad Market,http://www.bloomberg.com/quote/BADOPTI:IJ
Batavia Dana Saham Syariah (BSDSSYH),BSDSSYH:IJ,Open-End Fund,Thematic Sector,http://www.bloomberg.com/quote/BSDSSYH:IJ
Batavia Prima Campuran (BATMACA),BATMACA:IJ,Open-End Fund,Dynamic Allocation,http://www.bloomberg.com/quote/BATMACA:IJ
Batavia Prima Ekspektasi (BATMASI),BATMASI:IJ,Open-End Fund,Dynamic Allocation,http://www.bloomberg.com/quote/BATMASI:IJ
Batavia Proteksi Prima 20 (BATPP20),BATPP20:IJ,Closed-End Fund,Aggregate Bond,http://www.bloomberg.com/quote/BATPP20:IJ
Batavia USD Balanced Asia (BAUSDBA),BAUSDBA:IJ,Open-End Fund,Conservative Allocation,http://www.bloomberg.com/quote/BAUSDBA:IJ
BNI Berkembang (BNIRBEI),BNIRBEI:IJ,Open-End Fund,Blend Broad Market,http://www.bloomberg.com/quote/BNIRBEI:IJ
BNI Dana Berbunga Tiga (BNIBUTI),BNIBUTI:IJ,Open-End Fund,Aggregate Bond,http://www.bloomberg.com/quote/BNIBUTI:IJ
BNI Dana Plus Syariah (BNIPSYA),BNIPSYA:IJ,Open-End Fund,Conservative Allocation,http://www.bloomberg.com/quote/BNIPSYA:IJ
BNI Dana Syariah (BNISYAR),BNISYAR:IJ,Open-End Fund,Aggregate Bond Intermediate,http://www.bloomberg.com/quote/BNISYAR:IJ
BNI-AM Dana Terencana (BNIAMDT),BNIAMDT:IJ,Open-End Fund,Dynamic Allocation,http://www.bloomberg.com/quote/BNIAMDT:IJ
BNI-AM Proteksi II (BNIPRT2),BNIPRT2:IJ,Closed-End Fund,Aggregate Bond Long,http://www.bloomberg.com/quote/BNIPRT2:IJ
BNP Paribas Dolar Plus (BNPDOPL),BNPDOPL:IJ,Open-End Fund,Foreign Aggregate Bond,http://www.bloomberg.com/quote/BNPDOPL:IJ
BNP Paribas Ekuitas (CITEKUI),CITEKUI:IJ,Open-End Fund,Blend Broad Market,http://www.bloomberg.com/quote/CITEKUI:IJ
BNP Paribas Equitra (FOREQUI),FOREQUI:IJ,Open-End Fund,Dynamic Allocation,http://www.bloomberg.com/quote/FOREQUI:IJ
BNP Paribas Infrastruktur Plus (FORINPL),FORINPL:IJ,Open-End Fund,Industrial Sector,http://www.bloomberg.com/quote/FORINPL:IJ
BNP Paribas Inspira (BNPPISP),BNPPISP:IJ,Open-End Fund,Blend Broad Market,http://www.bloomberg.com/quote/BNPPISP:IJ
BNP Paribas Integra (BNPINTG),BNPINTG:IJ,Open-End Fund,Dynamic Allocation,http://www.bloomberg.com/quote/BNPINTG:IJ
BNP Paribas Kapital V (FORKAP5),FORKAP5:IJ,Closed-End Fund,Government Long,http://www.bloomberg.com/quote/FORKAP5:IJ
BNP Paribas Kapital VI (FORKAP6),FORKAP6:IJ,Closed-End Fund,Government Long,http://www.bloomberg.com/quote/FORKAP6:IJ
BNP Paribas Maxi Obligasi (BNPMAOB),BNPMAOB:IJ,Open-End Fund,Aggregate Bond,http://www.bloomberg.com/quote/BNPMAOB:IJ
BNP Paribas Obligasi Plus (FOROPLU),FOROPLU:IJ,Open-End Fund,Aggregate Bond,http://www.bloomberg.com/quote/FOROPLU:IJ
BNP Paribas Orion (BNPPION),BNPPION:IJ,Open-End Fund,Foreign Growth,http://www.bloomberg.com/quote/BNPPION:IJ
BNP Paribas Pesona (MFIPERI),MFIPERI:IJ,Open-End Fund,Blend Broad Market,http://www.bloomberg.com/quote/MFIPERI:IJ
BNP Paribas Prima Asia USD (BNPASUS),BNPASUS:IJ,Open-End Fund,Foreign Aggregate Bond,http://www.bloomberg.com/quote/BNPASUS:IJ
BNP Paribas Prima II (CITROB2),CITROB2:IJ,Open-End Fund,Government Bond,http://www.bloomberg.com/quote/CITROB2:IJ
BNP Paribas Prima USD (BNPPUSD),BNPPUSD:IJ,Open-End Fund,Foreign Aggregate Bond,http://www.bloomberg.com/quote/BNPPUSD:IJ
BNP Paribas Rupiah Plus II (CIRUPL2),CIRUPL2:IJ,Open-End Fund,Government Bond,http://www.bloomberg.com/quote/CIRUPL2:IJ
BNP Paribas Rupiah Plus (CIRUPLS),CIRUPLS:IJ,Open-End Fund,Aggregate Bond,http://www.bloomberg.com/quote/CIRUPLS:IJ
BNP Paribas Solaris Fund (FORSOLA),FORSOLA:IJ,Open-End Fund,Blend Broad Market,http://www.bloomberg.com/quote/FORSOLA:IJ
BNP Paribas Spektra (FORSPEK),FORSPEK:IJ,Open-End Fund,Dynamic Allocation,http://www.bloomberg.com/quote/FORSPEK:IJ
BNP Paribas STAR (BNPPSTA),BNPPSTA:IJ,Open-End Fund,Growth Broad Market,http://www.bloomberg.com/quote/BNPPSTA:IJ
CIMB - Reksa Dana CIMB Bond Fund (CIMBINC),CIMBINC:IJ,Open-End Fund,Aggregate Bond Long,http://www.bloomberg.com/quote/CIMBINC:IJ
CIMB Islamic Equity Growth Syariah (CIMBISL),CIMBISL:IJ,Open-End Fund,Thematic Sector,http://www.bloomberg.com/quote/CIMBISL:IJ
CIMB Principal CPF-VII (CIMBVII),CIMBVII:IJ,Closed-End Fund,Aggregate Bond Long,http://www.bloomberg.com/quote/CIMBVII:IJ
CIMB-Principal Balanced Growth (NIAGGUL),NIAGGUL:IJ,Open-End Fund,Aggressive Allocation,http://www.bloomberg.com/quote/NIAGGUL:IJ
CIMB-Principal Balanced Focus I (CIMBBFI),CIMBBFI:IJ,Open-End Fund,Dynamic Allocation,http://www.bloomberg.com/quote/CIMBBFI:IJ
CIMB-Principal Cash Fund (CIMBPCF),CIMBPCF:IJ,Open-End Fund,General (Non-US),http://www.bloomberg.com/quote/CIMBPCF:IJ
CIMB-Principal CPF CB III (CIMBIII),CIMBIII:IJ,Closed-End Fund,General Corporate Bond,http://www.bloomberg.com/quote/CIMBIII:IJ
CIMB-Principal CPF CB IV (CIMBCIV),CIMBCIV:IJ,Closed-End Fund,Short Term Corporate Bond,http://www.bloomberg.com/quote/CIMBCIV:IJ
CIMB-Principal CPF CB VI (CIMBPB6),CIMBPB6:IJ,Closed-End Fund,Aggregate Bond,http://www.bloomberg.com/quote/CIMBPB6:IJ
CIMB-Principal CPF CB IX (CIMBPB9),CIMBPB9:IJ,Closed-End Fund,Aggregate Bond,http://www.bloomberg.com/quote/CIMBPB9:IJ
CIMB-Principal CPF CB XI (CCPCBXI),CCPCBXI:IJ,Closed-End Fund,Aggregate Bond,http://www.bloomberg.com/quote/CCPCBXI:IJ
CIMB-Principal CPF CB XIII (CCBXIII),CCBXIII:IJ,Closed-End Fund,Aggregate Bond,http://www.bloomberg.com/quote/CCBXIII:IJ
CIMB-Principal CPF XII (CIMCXII),CIMCXII:IJ,Closed-End Fund,Government Bond,http://www.bloomberg.com/quote/CIMCXII:IJ
CIMB-Principal Equity Aggressive (NIAGRES),NIAGRES:IJ,Open-End Fund,Blend Broad Market,http://www.bloomberg.com/quote/NIAGRES:IJ
CIMB-Principal Income Fund A (NIPETEC),NIPETEC:IJ,Open-End Fund,Aggregate Bond,http://www.bloomberg.com/quote/NIPETEC:IJ
CIMB-Principal Indo Domestic Equity Fund (CIMIDEF),CIMIDEF:IJ,Open-End Fund,Thematic Sector,http://www.bloomberg.com/quote/CIMIDEF:IJ
Cipta Balance (CIPTBAL),CIPTBAL:IJ,Open-End Fund,Dynamic Allocation,http://www.bloomberg.com/quote/CIPTBAL:IJ
Cipta Dinamika (CIPTADI),CIPTADI:IJ,Open-End Fund,Dynamic Allocation,http://www.bloomberg.com/quote/CIPTADI:IJ
Cipta Syariah Balance Fund (CIPSYBL),CIPSYBL:IJ,Open-End Fund,Dynamic Allocation,http://www.bloomberg.com/quote/CIPSYBL:IJ
Cipta Syariah Equity Fund (CIPSYEQ),CIPSYEQ:IJ,Open-End Fund,Thematic Sector,http://www.bloomberg.com/quote/CIPSYEQ:IJ
CitraGold (MASCITR),MASCITR:IJ,Open-End Fund,Dynamic Allocation,http://www.bloomberg.com/quote/MASCITR:IJ
COMM AUD Balanced Fund (COMMAUD),COMMAUD:IJ,Open-End Fund,Global Allocation,http://www.bloomberg.com/quote/COMMAUD:IJ
CommLink Aggressive Fund (CLKAGGR),CLKAGGR:IJ,Open-End Fund,Aggressive Allocation,http://www.bloomberg.com/quote/CLKAGGR:IJ
CommLink Aggressive Plus Fund (COMMLAP),COMMLAP:IJ,Open-End Fund,Aggressive Allocation,http://www.bloomberg.com/quote/COMMLAP:IJ
CommLink Conservative Fund (CLCONSV),CLCONSV:IJ,Open-End Fund,Conservative Allocation,http://www.bloomberg.com/quote/CLCONSV:IJ
CommLink Dynamic Strategic Fund (CMMLDSI),CMMLDSI:IJ,Open-End Fund,Dynamic Allocation,http://www.bloomberg.com/quote/CMMLDSI:IJ
CommLink Moderate Fund (CLMODRT),CLMODRT:IJ,Open-End Fund,Moderate Allocation,http://www.bloomberg.com/quote/CLMODRT:IJ
Corfina Capital - Grow 2 Prosper (CORGRW2),CORGRW2:IJ,Open-End Fund,Blend Broad Market,http://www.bloomberg.com/quote/CORGRW2:IJ
Dana Ekuitas Andalan (BTCWEKA),BTCWEKA:IJ,Open-End Fund,Blend Broad Market,http://www.bloomberg.com/quote/BTCWEKA:IJ
Dana Ekuitas Prima (BTCWEPR),BTCWEPR:IJ,Open-End Fund,Blend Broad Market,http://www.bloomberg.com/quote/BTCWEPR:IJ
Dana Obligasi Stabil (SAMOBIL),SAMOBIL:IJ,Open-End Fund,Aggregate Bond,http://www.bloomberg.com/quote/SAMOBIL:IJ
Danareksa Anggrek (DANGGRI),DANGGRI:IJ,Open-End Fund,Dynamic Allocation,http://www.bloomberg.com/quote/DANGGRI:IJ
Danareksa Anggrek Fleksibel (DANFLEK),DANFLEK:IJ,Open-End Fund,Dynamic Allocation,http://www.bloomberg.com/quote/DANFLEK:IJ
Danareksa Gebyar Dana Likuid (DANGEBL),DANGEBL:IJ,Open-End Fund,General (Non-US),http://www.bloomberg.com/quote/DANGEBL:IJ
Danareksa Gebyar Indonesia II (DANGEB2),DANGEB2:IJ,Open-End Fund,Aggregate Bond Long,http://www.bloomberg.com/quote/DANGEB2:IJ
Danareksa Indeks Syariah (DADINAR),DADINAR:IJ,Open-End Fund,Thematic Sector,http://www.bloomberg.com/quote/DADINAR:IJ
Danareksa Mawar (DANMAWI),DANMAWI:IJ,Open-End Fund,Blend Broad Market,http://www.bloomberg.com/quote/DANMAWI:IJ
Danareksa Mawar Fokus 10 (DANMW10),DANMW10:IJ,Open-End Fund,Blend Broad Market,http://www.bloomberg.com/quote/DANMW10:IJ
Danareksa Mawar Komoditas 10 (DANMKMD),DANMKMD:IJ,Open-End Fund,Blend Broad Market,http://www.bloomberg.com/quote/DANMKMD:IJ
Danareksa Mawar Konsumer 10 (DANMKNS),DANMKNS:IJ,Open-End Fund,Blend Broad Market,http://www.bloomberg.com/quote/DANMKNS:IJ
Danareksa Mawar Rotasi Sektor Strategis (DANMRSS),DANMRSS:IJ,Open-End Fund,Foreign Growth,http://www.bloomberg.com/quote/DANMRSS:IJ
Danareksa Melati Dollar (DANDOLL),DANDOLL:IJ,Open-End Fund,Aggregate Bond USD Focused,http://www.bloomberg.com/quote/DANDOLL:IJ
Danareksa Melati Pendapatan Tetap II (DANMPT2),DANMPT2:IJ,Open-End Fund,Aggregate Bond,http://www.bloomberg.com/quote/DANMPT2:IJ
Danareksa Melati Pendapatan Utama (DANMPUT),DANMPUT:IJ,Open-End Fund,Aggregate Bond,http://www.bloomberg.com/quote/DANMPUT:IJ
Danareksa Melati Platinum Rupiah (DANJSOP),DANJSOP:IJ,Open-End Fund,Aggregate Bond,http://www.bloomberg.com/quote/DANJSOP:IJ
Danareksa Melati Platinum Dollar AS (DANMPAS),DANMPAS:IJ,Open-End Fund,Aggregate Bond USD Focused,http://www.bloomberg.com/quote/DANMPAS:IJ
Danareksa Melati Premium Dollar (DANPRMD),DANPRMD:IJ,Open-End Fund,Government Long,http://www.bloomberg.com/quote/DANPRMD:IJ
Danareksa Proteksi Dinamis Fleksibel (DANPFLK),DANPFLK:IJ,Open-End Fund,Government Intermediate,http://www.bloomberg.com/quote/DANPFLK:IJ
Danareksa Reksa Dana Seruni Pasar Uang II (DANSPU2),DANSPU2:IJ,Open-End Fund,General (Non-US),http://www.bloomberg.com/quote/DANSPU2:IJ
Danareksa Reksa Dana Seruni Pasar Uang III (DANSPU3),DANSPU3:IJ,Open-End Fund,General (Non-US),http://www.bloomberg.com/quote/DANSPU3:IJ
Danareksa Syariah Berimbang (DANBERI),DANBERI:IJ,Open-End Fund,Moderate Allocation,http://www.bloomberg.com/quote/DANBERI:IJ
Dire Ciptadana Properti Ritel Indonesia (XCID),XCID:IJ,Closed-End Fund,Physical Assets and Securities,http://www.bloomberg.com/quote/XCID:IJ
Eastspring Investments IDR High Grade (RKDEIHG),RKDEIHG:IJ,Open-End Fund,Aggregate Bond,http://www.bloomberg.com/quote/RKDEIHG:IJ
Eastspring Investments Value Discovery Fund (RDESIVD),RDESIVD:IJ,Open-End Fund,Foreign Growth,http://www.bloomberg.com/quote/RDESIVD:IJ
Eastspring Investments Yield Discovery Fund (RDESIYD),RDESIYD:IJ,Open-End Fund,Foreign Aggregate Bond,http://www.bloomberg.com/quote/RDESIYD:IJ
Emco Growth (MAKGRWT),MAKGRWT:IJ,Open-End Fund,Growth Broad Market,http://www.bloomberg.com/quote/MAKGRWT:IJ
Emco Mantap (MAKMANT),MAKMANT:IJ,Open-End Fund,Blend Large Cap,http://www.bloomberg.com/quote/MAKMANT:IJ
Equator Dana Prestasi (MAHPRES),MAHPRES:IJ,Closed-End Fund,Aggregate Bond Long,http://www.bloomberg.com/quote/MAHPRES:IJ
Equity Dana Pasti (EQUPAST),EQUPAST:IJ,Open-End Fund,Aggregate Bond,http://www.bloomberg.com/quote/EQUPAST:IJ
Equity Development Securities - Dana Premier (EQUPREM),EQUPREM:IJ,Open-End Fund,Aggregate Bond,http://www.bloomberg.com/quote/EQUPREM:IJ
Equity Reksa Dana Prima (EQUPRIM),EQUPRIM:IJ,Open-End Fund,Dynamic Allocation,http://www.bloomberg.com/quote/EQUPRIM:IJ
First State Indoequity Value Select Fund (FSINEQV),FSINEQV:IJ,Open-End Fund,Value Broad Market,http://www.bloomberg.com/quote/FSINEQV:IJ
First State Indoequity PEKA Fund (FSIPEKA),FSIPEKA:IJ,Open-End Fund,Blend Large Cap,http://www.bloomberg.com/quote/FSIPEKA:IJ
First State IndoEquity Dividend Yield Fund (FSIEQDY),FSIEQDY:IJ,Open-End Fund,Blend Broad Market,http://www.bloomberg.com/quote/FSIEQDY:IJ
First State IndoEquity Sectoral Fund (FSISECT),FSISECT:IJ,Open-End Fund,Dynamic Allocation,http://www.bloomberg.com/quote/FSISECT:IJ
First State IndoEquity High Conviction Fund (FSIEHCO),FSIEHCO:IJ,Open-End Fund,Foreign Growth,http://www.bloomberg.com/quote/FSIEHCO:IJ
First State Indonesian Balanced Fund (FSIBALA),FSIBALA:IJ,Open-End Fund,Dynamic Allocation,http://www.bloomberg.com/quote/FSIBALA:IJ
First State Indonesian Bond Fund (FSIBOND),FSIBOND:IJ,Open-End Fund,Aggregate Bond,http://www.bloomberg.com/quote/FSIBOND:IJ
First State Indonesian MultiStrategy Fund (FSISTRA),FSISTRA:IJ,Open-End Fund,Dynamic Allocation,http://www.bloomberg.com/quote/FSISTRA:IJ
First State Indonesian Money Market Fund (FSIDOMM),FSIDOMM:IJ,Open-End Fund,General (Non-US),http://www.bloomberg.com/quote/FSIDOMM:IJ
First State Indonesian USD Balanced Plus Fund (FSIUSBP),FSIUSBP:IJ,Open-End Fund,Global Allocation,http://www.bloomberg.com/quote/FSIUSBP:IJ
GAP Equity Fund (GEFFGAP),GEFFGAP:IJ,Open-End Fund,Growth Broad Market,http://www.bloomberg.com/quote/GEFFGAP:IJ
GAP Fixed Income Fund II (GFI2GAP),GFI2GAP:IJ,Open-End Fund,Aggregate Bond,http://www.bloomberg.com/quote/GFI2GAP:IJ
GAP Money Market Fund (GMMFGAP),GMMFGAP:IJ,Open-End Fund,General (Non-US),http://www.bloomberg.com/quote/GMMFGAP:IJ
GAP Value Fund (GVFFGAP),GVFFGAP:IJ,Open-End Fund,Growth Broad Market,http://www.bloomberg.com/quote/GVFFGAP:IJ
Garuda Satu (INGASAI),INGASAI:IJ,Open-End Fund,Aggregate Bond,http://www.bloomberg.com/quote/INGASAI:IJ
GMT Dana Ekuitas (GMTEKUI),GMTEKUI:IJ,Open-End Fund,Blend Broad Market,http://www.bloomberg.com/quote/GMTEKUI:IJ
GMT Dana Fleksi (GMTFLEK),GMTFLEK:IJ,Open-End Fund,Dynamic Allocation,http://www.bloomberg.com/quote/GMTFLEK:IJ
GMT Dana Obligasi Plus (GMTOBPL),GMTOBPL:IJ,Open-End Fund,Aggregate Bond,http://www.bloomberg.com/quote/GMTOBPL:IJ
GMT Dana Pasti 2 (GMTPST2),GMTPST2:IJ,Open-End Fund,Foreign Aggregate Bond,http://www.bloomberg.com/quote/GMTPST2:IJ
GreatLink Balanced Fund (GRLBALA),GRLBALA:IJ,Open-End Fund,Dynamic Allocation,http://www.bloomberg.com/quote/GRLBALA:IJ
GreatLink Bond Fund (GRLBOND),GRLBOND:IJ,Open-End Fund,Aggregate Bond,http://www.bloomberg.com/quote/GRLBOND:IJ
GreatLink Cash Fund (GRLCASH),GRLCASH:IJ,Open-End Fund,General (Non-US),http://www.bloomberg.com/quote/GRLCASH:IJ
GreatLink Dynamic Fund (GRLDYNA),GRLDYNA:IJ,Open-End Fund,Blend Broad Market,http://www.bloomberg.com/quote/GRLDYNA:IJ
GreatLink Equity Fund (GRLEQTY),GRLEQTY:IJ,Open-End Fund,Blend Broad Market,http://www.bloomberg.com/quote/GRLEQTY:IJ
GreatLink Fixed Income Fund (GRLFXIN),GRLFXIN:IJ,Open-End Fund,Government Bond,http://www.bloomberg.com/quote/GRLFXIN:IJ
GreatLink Optimum Fund (GRLOPTM),GRLOPTM:IJ,Open-End Fund,Dynamic Allocation,http://www.bloomberg.com/quote/GRLOPTM:IJ
GreatLink USD Fixed Income Fund (GLUSDFI),GLUSDFI:IJ,Open-End Fund,Aggregate Bond Long,http://www.bloomberg.com/quote/GLUSDFI:IJ
Harvestindo Istimewa (HAVISTI),HAVISTI:IJ,Open-End Fund,Dynamic Allocation,http://www.bloomberg.com/quote/HAVISTI:IJ
Henan Putihrai - HPAM Premium 1 (HPAPRE1),HPAPRE1:IJ,Open-End Fund,Conservative Allocation,http://www.bloomberg.com/quote/HPAPRE1:IJ
HPAM Flexi Plus (HPAMFLP),HPAMFLP:IJ,Open-End Fund,Dynamic Allocation,http://www.bloomberg.com/quote/HPAMFLP:IJ
HPAM Ultima Ekuitas 1 (HPAMUE1),HPAMUE1:IJ,Open-End Fund,Growth Broad Market,http://www.bloomberg.com/quote/HPAMUE1:IJ
I-Hajj Syariah Fund (INSHAJI),INSHAJI:IJ,Open-End Fund,Aggregate Bond,http://www.bloomberg.com/quote/INSHAJI:IJ
Indosurya Balanced Fund (INDSBAL),INDSBAL:IJ,Open-End Fund,Dynamic Allocation,http://www.bloomberg.com/quote/INDSBAL:IJ
Insight Investments Management - Reksa Dana Guru (INSGURU),INSGURU:IJ,Open-End Fund,Dynamic Allocation,http://www.bloomberg.com/quote/INSGURU:IJ
Insight Syariah Berimbang (INSHARE),INSHARE:IJ,Open-End Fund,Dynamic Allocation,http://www.bloomberg.com/quote/INSHARE:IJ
Investasi Reksa Premium (AAAPREM),AAAPREM:IJ,Open-End Fund,Aggregate Bond,http://www.bloomberg.com/quote/AAAPREM:IJ
Investra Balanced Fund (CLBLAN1),CLBLAN1:IJ,Open-End Fund,Dynamic Allocation,http://www.bloomberg.com/quote/CLBLAN1:IJ
Investra Balanced Progressive Fund (CLBLPRO),CLBLPRO:IJ,Open-End Fund,Dynamic Allocation,http://www.bloomberg.com/quote/CLBLPRO:IJ
Investra Balanced Syariah Fund (CLBLSYA),CLBLSYA:IJ,Open-End Fund,Dynamic Allocation,http://www.bloomberg.com/quote/CLBLSYA:IJ
Investra Balanced Target Fund (CLBALTG),CLBALTG:IJ,Open-End Fund,Dynamic Allocation,http://www.bloomberg.com/quote/CLBALTG:IJ
Investra Bond Fund (CLBOND1),CLBOND1:IJ,Open-End Fund,Aggregate Bond,http://www.bloomberg.com/quote/CLBOND1:IJ
Investra Dynamic Strategic Fund (INVDYST),INVDYST:IJ,Open-End Fund,Dynamic Allocation,http://www.bloomberg.com/quote/INVDYST:IJ
Investra Equity Dynamic Fund (CLEQDYN),CLEQDYN:IJ,Open-End Fund,Blend Broad Market,http://www.bloomberg.com/quote/CLEQDYN:IJ
Investra Equity Fund (CLEQUT1),CLEQUT1:IJ,Open-End Fund,Blend Broad Market,http://www.bloomberg.com/quote/CLEQUT1:IJ
Investra Equity Income Fund (CLEQINC),CLEQINC:IJ,Open-End Fund,Blend Broad Market,http://www.bloomberg.com/quote/CLEQINC:IJ
Investra Equity Infrastructure Fund (CLEQINF),CLEQINF:IJ,Open-End Fund,Industrial Sector,http://www.bloomberg.com/quote/CLEQINF:IJ
Investra Equity Syariah Fund (CLEQSYA),CLEQSYA:IJ,Open-End Fund,Blend Broad Market,http://www.bloomberg.com/quote/CLEQSYA:IJ
Investra Money Market Plus Fund (CLMOMAP),CLMOMAP:IJ,Open-End Fund,General (Non-US),http://www.bloomberg.com/quote/CLMOMAP:IJ
Investra USD Balanced Fund (COMMUSD),COMMUSD:IJ,Open-End Fund,Global Allocation,http://www.bloomberg.com/quote/COMMUSD:IJ
ITB - Niaga (NIITBNI),NIITBNI:IJ,Open-End Fund,Aggregate Bond,http://www.bloomberg.com/quote/NIITBNI:IJ
Jisawi Kombinasi (JISAKOM),JISAKOM:IJ,Open-End Fund,Dynamic Allocation,http://www.bloomberg.com/quote/JISAKOM:IJ
Jisawi Obligasi Plus (JISAOBP),JISAOBP:IJ,Open-End Fund,Aggregate Bond,http://www.bloomberg.com/quote/JISAOBP:IJ
Jisawi Progresif (JISAPRO),JISAPRO:IJ,Open-End Fund,Growth Broad Market,http://www.bloomberg.com/quote/JISAPRO:IJ
JS Link Balanced Fund (JSLBLNC),JSLBLNC:IJ,Open-End Fund,Dynamic Allocation,http://www.bloomberg.com/quote/JSLBLNC:IJ
JS Link Equity Fund (JSLEQTY),JSLEQTY:IJ,Open-End Fund,Blend Broad Market,http://www.bloomberg.com/quote/JSLEQTY:IJ
JS Link Fixed Income Fund (JSLFXIN),JSLFXIN:IJ,Fund of Funds,Aggregate Bond,http://www.bloomberg.com/quote/JSLFXIN:IJ
Kreshna Graha Sekurindo-Reksa Dana Mrs Bond Kresna (KMMRSBD),KMMRSBD:IJ,Open-End Fund,Aggregate Bond,http://www.bloomberg.com/quote/KMMRSBD:IJ
Kreshna Graha Sekurindo-Reksa Dana Mrs Flex Kresna (KMMRSFL),KMMRSFL:IJ,Open-End Fund,Dynamic Allocation,http://www.bloomberg.com/quote/KMMRSFL:IJ
Kresna Flexima (KMFLEXI),KMFLEXI:IJ,Open-End Fund,Dynamic Allocation,http://www.bloomberg.com/quote/KMFLEXI:IJ
Kresna Graha Sekurindo - Prestasi Alokasi Portfolio Investasi (KRALPIN),KRALPIN:IJ,Open-End Fund,Aggregate Bond,http://www.bloomberg.com/quote/KRALPIN:IJ
Kresna Graha Sekurindo - MRS Cash Kresna (KRMRSCS),KRMRSCS:IJ,Open-End Fund,General (Non-US),http://www.bloomberg.com/quote/KRMRSCS:IJ
Kresna Indeks 45 (KRIND45),KRIND45:IJ,Open-End Fund,Blend Large Cap,http://www.bloomberg.com/quote/KRIND45:IJ
Kresna Ultima Flexi (KMUFLXI),KMUFLXI:IJ,Open-End Fund,Dynamic Allocation,http://www.bloomberg.com/quote/KMUFLXI:IJ
Lautandhana Balanced Fund (LAUBALA),LAUBALA:IJ,Open-End Fund,Dynamic Allocation,http://www.bloomberg.com/quote/LAUBALA:IJ
Lautandhana Equity (LAUEQUI),LAUEQUI:IJ,Open-End Fund,Blend Broad Market,http://www.bloomberg.com/quote/LAUEQUI:IJ
Lautandhana Equity Agresif (LAUELEA),LAUELEA:IJ,Open-End Fund,Growth Broad Market,http://www.bloomberg.com/quote/LAUELEA:IJ
Lautandhana Equity Progresif - Equity Progresif (LAUEQPR),LAUEQPR:IJ,Open-End Fund,Growth Broad Market,http://www.bloomberg.com/quote/LAUEQPR:IJ
Lautandhana Fixed Income (LAUFIXE),LAUFIXE:IJ,Open-End Fund,Aggregate Bond,http://www.bloomberg.com/quote/LAUFIXE:IJ
Lautandhana Proteksi Dinamis (LAUPDIN),LAUPDIN:IJ,Closed-End Fund,Aggregate Bond Intermediate,http://www.bloomberg.com/quote/LAUPDIN:IJ
Lautandhana Proteksi IV (LAUPRO4),LAUPRO4:IJ,Closed-End Fund,Foreign Aggregate Bond,http://www.bloomberg.com/quote/LAUPRO4:IJ
Lautandhana Proteksi VI (LAUPRO6),LAUPRO6:IJ,Closed-End Fund,Aggregate Bond Intermediate,http://www.bloomberg.com/quote/LAUPRO6:IJ
Lautandhana Proteksi Syariah I (LAUPSYI),LAUPSYI:IJ,Closed-End Fund,Aggregate Bond,http://www.bloomberg.com/quote/LAUPSYI:IJ
Lautandhana Saham Syariah - Saham Syariah (LAUESSY),LAUESSY:IJ,Open-End Fund,Thematic Sector,http://www.bloomberg.com/quote/LAUESSY:IJ
Lippo Dana Prima (LPPSLDP),LPPSLDP:IJ,Open-End Fund,Moderate Allocation,http://www.bloomberg.com/quote/LPPSLDP:IJ
Maestro Balanced Syariah Rp (AXFIBRS),AXFIBRS:IJ,Open-End Fund,Dynamic Allocation,http://www.bloomberg.com/quote/AXFIBRS:IJ
Maestro Equity Syariah Rp (AXFIERS),AXFIERS:IJ,Open-End Fund,Thematic Sector,http://www.bloomberg.com/quote/AXFIERS:IJ
MaestroBerimbang (BLSAHAI),BLSAHAI:IJ,Open-End Fund,Moderate Allocation,http://www.bloomberg.com/quote/BLSAHAI:IJ
Maestrolink Aggressive Equity Rp (AXFIARP),AXFIARP:IJ,Open-End Fund,Growth Broad Market,http://www.bloomberg.com/quote/AXFIARP:IJ
Maestrolink Balanced IDR (AXFIBRP),AXFIBRP:IJ,Open-End Fund,Blend Broad Market,http://www.bloomberg.com/quote/AXFIBRP:IJ
Maestrolink Cash Plus IDR (AXFIMRP),AXFIMRP:IJ,Open-End Fund,General (Non-US),http://www.bloomberg.com/quote/AXFIMRP:IJ
Maestrolink Dynamic IDR (AXFIDRP),AXFIDRP:IJ,Open-End Fund,Growth Large Cap,http://www.bloomberg.com/quote/AXFIDRP:IJ
Maestrolink Equity Plus IDR (AXFIERP),AXFIERP:IJ,Open-End Fund,Growth Broad Market,http://www.bloomberg.com/quote/AXFIERP:IJ
Maestrolink Fixed Income Plus IDR (AXFIFRP),AXFIFRP:IJ,Open-End Fund,Aggregate Bond,http://www.bloomberg.com/quote/AXFIFRP:IJ
Maestrolink Fixed Income Plus USD (AXFIFUS),AXFIFUS:IJ,Open-End Fund,Aggregate Bond,http://www.bloomberg.com/quote/AXFIFUS:IJ
Mandiri Active Money Rupiah Fund (AMFZAMB),AMFZAMB:IJ,Open-End Fund,Dynamic Allocation,http://www.bloomberg.com/quote/AMFZAMB:IJ
Mandiri Active Money Syariah Rupiah Fund (AMFZAMH),AMFZAMH:IJ,Open-End Fund,Aggregate Bond,http://www.bloomberg.com/quote/AMFZAMH:IJ
Mandiri Advanced Commodity Syariah Rupiah Fund (AMFZAMY),AMFZAMY:IJ,Open-End Fund,Broad Based,http://www.bloomberg.com/quote/AMFZAMY:IJ
Mandiri Amanah Equity Syariah Rupiah Fund (AMFAMES),AMFAMES:IJ,Open-End Fund,Thematic Sector,http://www.bloomberg.com/quote/AMFAMES:IJ
Mandiri Attractive Money Rupiah Fund (AMFZAMA),AMFZAMA:IJ,Open-End Fund,Growth Large Cap,http://www.bloomberg.com/quote/AMFZAMA:IJ
Mandiri Attractive Money Syariah Rupiah Fund (AMFZAMG),AMFZAMG:IJ,Open-End Fund,Thematic Sector,http://www.bloomberg.com/quote/AMFZAMG:IJ
Mandiri Dynamic Money Fund - AMFS DMRP (AMFZAMD),AMFZAMD:IJ,Open-End Fund,Growth Broad Market,http://www.bloomberg.com/quote/AMFZAMD:IJ
Mandiri Excellent Equity Rupiah Fund - AMFS EQRP (AMFZAMI),AMFZAMI:IJ,Open-End Fund,Growth Broad Market,http://www.bloomberg.com/quote/AMFZAMI:IJ
Mandiri Fixed Money Rupiah Fund (AMFZAMC),AMFZAMC:IJ,Open-End Fund,General Corporate Bond,http://www.bloomberg.com/quote/AMFZAMC:IJ
Mandiri Investa Aktif (MANAKTI),MANAKTI:IJ,Open-End Fund,Dynamic Allocation,http://www.bloomberg.com/quote/MANAKTI:IJ
Mandiri Investa Atraktif Syariah (MANISYA),MANISYA:IJ,Open-End Fund,Thematic Sector,http://www.bloomberg.com/quote/MANISYA:IJ
Mandiri Investa Atraktif (MANTRAK),MANTRAK:IJ,Open-End Fund,Blend Broad Market,http://www.bloomberg.com/quote/MANTRAK:IJ
Mandiri Investa Dana Utama (MANUTAM),MANUTAM:IJ,Open-End Fund,Aggregate Bond Intermediate,http://www.bloomberg.com/quote/MANUTAM:IJ
Mandiri Investa Dana Dollar Mandiri (MANINVD),MANINVD:IJ,Open-End Fund,Aggregate Bond USD Focused,http://www.bloomberg.com/quote/MANINVD:IJ
Mandiri Investa Dana Obligasi Seri II (MANIPT2),MANIPT2:IJ,Open-End Fund,Aggregate Bond,http://www.bloomberg.com/quote/MANIPT2:IJ
Mandiri Investa Dana Syariah (MANDIDS),MANDIDS:IJ,Open-End Fund,Aggregate Bond,http://www.bloomberg.com/quote/MANDIDS:IJ
Mandiri Investa Dana Pendapatan Optimal (MANIDPO),MANIDPO:IJ,Open-End Fund,Aggregate Bond,http://www.bloomberg.com/quote/MANIDPO:IJ
Mandiri Investa Ekuitas Dinamis (MANIEDI),MANIEDI:IJ,Open-End Fund,Growth Small Cap,http://www.bloomberg.com/quote/MANIEDI:IJ
Mandiri Investa Equity Movement - A (MANIEMA),MANIEMA:IJ,Open-End Fund,Blend Broad Market,http://www.bloomberg.com/quote/MANIEMA:IJ
Mandiri Investa Pasar Uang (MANINPU),MANINPU:IJ,Open-End Fund,General (Non-US),http://www.bloomberg.com/quote/MANINPU:IJ
Mandiri Investa Syariah Berimbang (MANVEST),MANVEST:IJ,Open-End Fund,Dynamic Allocation,http://www.bloomberg.com/quote/MANVEST:IJ
Mandiri Investa UGM (MANIUGM),MANIUGM:IJ,Open-End Fund,Blend Broad Market,http://www.bloomberg.com/quote/MANIUGM:IJ
Mandiri Money Market Rupiah Fund - AMFS MMRP (AMFZAMF),AMFZAMF:IJ,Open-End Fund,Taxable Global (US),http://www.bloomberg.com/quote/AMFZAMF:IJ
Mandiri Obligasi Utama (MANOBUT),MANOBUT:IJ,Open-End Fund,Aggregate Bond,http://www.bloomberg.com/quote/MANOBUT:IJ
Mandiri Progressive Money Rupiah Fund - AMFS PMRP (AMFZAMP),AMFZAMP:IJ,Open-End Fund,Dynamic Allocation,http://www.bloomberg.com/quote/AMFZAMP:IJ
Mandiri Secure Money USD Fund - AMFS SMUS (AMFZAME),AMFZAME:IJ,Open-End Fund,Government Bond,http://www.bloomberg.com/quote/AMFZAME:IJ
Mandiri Secure Money Rupiah Fund - AMFS SMRP (AMFZAMS),AMFZAMS:IJ,Open-End Fund,Aggregate Bond,http://www.bloomberg.com/quote/AMFZAMS:IJ
Manulife Dana Campuran II (MANCAM2),MANCAM2:IJ,Open-End Fund,Conservative Allocation,http://www.bloomberg.com/quote/MANCAM2:IJ
Manulife Dana Ekuitas Indonesia India (MLLDEIU),MLLDEIU:IJ,Open-End Fund,Multiple Country,http://www.bloomberg.com/quote/MLLDEIU:IJ
Manulife Dana Ekuitas Indonesia India - IDR (MLLDEII),MLLDEII:IJ,Open-End Fund,Multiple Country,http://www.bloomberg.com/quote/MLLDEII:IJ
Manulife Dana Ekuitas Small Mid Capital Fund (MANDESM),MANDESM:IJ,Open-End Fund,Growth Mid Cap,http://www.bloomberg.com/quote/MANDESM:IJ
Manulife Dana Ekuitas USD (MANDEKU),MANDEKU:IJ,Open-End Fund,Growth Broad Market,http://www.bloomberg.com/quote/MANDEKU:IJ
Manulife Dana Ekuitas Small-Mid Capital USD (MANSAMU),MANSAMU:IJ,Open-End Fund,Growth Mid Cap,http://www.bloomberg.com/quote/MANSAMU:IJ
Manulife Dana Kas II (MANKAS2),MANKAS2:IJ,Open-End Fund,General (Non-US),http://www.bloomberg.com/quote/MANKAS2:IJ
Manulife Dana Saham (MANSHAM),MANSHAM:IJ,Open-End Fund,Growth Broad Market,http://www.bloomberg.com/quote/MANSHAM:IJ
MANULIFE DANA STABIL BERIMBANG (MANSTBR),MANSTBR:IJ,Open-End Fund,Conservative Allocation,http://www.bloomberg.com/quote/MANSTBR:IJ
Manulife Dana Tetap Pemerintah (MANUPEM),MANUPEM:IJ,Open-End Fund,Government Bond,http://www.bloomberg.com/quote/MANUPEM:IJ
Manulife Dana Tetap Utama (MANTAMA),MANTAMA:IJ,Open-End Fund,Aggregate Bond,http://www.bloomberg.com/quote/MANTAMA:IJ
MANULIFE DANA TUMBUH BERIMBANG (MANTBER),MANTBER:IJ,Open-End Fund,Moderate Allocation,http://www.bloomberg.com/quote/MANTBER:IJ
Manulife Greater Indonesia Fund (MANGIFT),MANGIFT:IJ,Open-End Fund,Emerging Market Stock,http://www.bloomberg.com/quote/MANGIFT:IJ
Manulife Harapan US Dollar Seri I (MANHARI),MANHARI:IJ,Open-End Fund,Government Intermediate,http://www.bloomberg.com/quote/MANHARI:IJ
Manulife Indonesia Money Market Fund (MANUFL2),MANUFL2:IJ,Open-End Fund,General (Non-US),http://www.bloomberg.com/quote/MANUFL2:IJ
Manulife Link Dana Berimbang (MLLDBBG),MLLDBBG:IJ,Open-End Fund,Dynamic Allocation,http://www.bloomberg.com/quote/MLLDBBG:IJ
Manulife Link Dana Berimbang Syariah (MLLDBBS),MLLDBBS:IJ,Open-End Fund,Dynamic Allocation,http://www.bloomberg.com/quote/MLLDBBS:IJ
Manulife Link Dana Ekuitas (MANLIEK),MANLIEK:IJ,Open-End Fund,Growth Broad Market,http://www.bloomberg.com/quote/MANLIEK:IJ
Manulife Link Dana Ekuitas Indonesia - China (MLLDECI),MLLDECI:IJ,Open-End Fund,Multiple Country,http://www.bloomberg.com/quote/MLLDECI:IJ
Manulife Link Dana Ekuitas Indonesia - China (MLLDECU),MLLDECU:IJ,Open-End Fund,Multiple Country,http://www.bloomberg.com/quote/MLLDECU:IJ
Manulife Link Dana Ekuitas Syariah (MLLDEKS),MLLDEKS:IJ,Open-End Fund,Growth Broad Market,http://www.bloomberg.com/quote/MLLDEKS:IJ
Manulife Link Dana Pasar Uang Syariah (MLLDPUS),MLLDPUS:IJ,Open-End Fund,General (Non-US),http://www.bloomberg.com/quote/MLLDPUS:IJ
Manulife Link Pasar Uang (MANLIUA),MANLIUA:IJ,Open-End Fund,General (Non-US),http://www.bloomberg.com/quote/MANLIUA:IJ
Manulife Link Pendapatan Tetap Dollar (MANLIDO),MANLIDO:IJ,Open-End Fund,Aggregate Bond USD Focused,http://www.bloomberg.com/quote/MANLIDO:IJ
Manulife Link Pendapatan Tetap Korporasi (MANLIKO),MANLIKO:IJ,Open-End Fund,Aggregate Bond,http://www.bloomberg.com/quote/MANLIKO:IJ
Manulife Link Pendapatan Tetap Negara (MANLINE),MANLINE:IJ,Open-End Fund,Government Bond,http://www.bloomberg.com/quote/MANLINE:IJ
Manulife Obligasi Negara Indonesia II (MAHOIN2),MAHOIN2:IJ,Open-End Fund,Aggregate Bond,http://www.bloomberg.com/quote/MAHOIN2:IJ
Manulife Obligasi Unggulan (MAHOUNG),MAHOUNG:IJ,Open-End Fund,Aggregate Bond,http://www.bloomberg.com/quote/MAHOUNG:IJ
Manulife Pendapatan Bulanan II (MANPBU2),MANPBU2:IJ,Open-End Fund,Aggregate Bond,http://www.bloomberg.com/quote/MANPBU2:IJ
MANULIFE SAHAM ANDALAN (MANSAND),MANSAND:IJ,Open-End Fund,Growth Broad Market,http://www.bloomberg.com/quote/MANSAND:IJ
Manulife Saham SMC Plus (MANSMCP),MANSMCP:IJ,Open-End Fund,Foreign Growth,http://www.bloomberg.com/quote/MANSMCP:IJ
Manulife Syariah Sektoral Amanah (MANSSEK),MANSSEK:IJ,Open-End Fund,Growth Broad Market,http://www.bloomberg.com/quote/MANSSEK:IJ
Manulife USD Fixed Income Fund (MANUFIX),MANUFIX:IJ,Open-End Fund,Foreign Aggregate Bond,http://www.bloomberg.com/quote/MANUFIX:IJ
Mega Asset Greater Infrastructure (MEGASGI),MEGASGI:IJ,Open-End Fund,Thematic Sector,http://www.bloomberg.com/quote/MEGASGI:IJ
Mega Asset Mantap (MEGASMT),MEGASMT:IJ,Open-End Fund,Foreign Aggregate Bond,http://www.bloomberg.com/quote/MEGASMT:IJ
Mega Asset Mantap Plus (MEGAMPL),MEGAMPL:IJ,Open-End Fund,Aggregate Bond,http://www.bloomberg.com/quote/MEGAMPL:IJ
Mega Asset Maxima (MEGASMM),MEGASMM:IJ,Open-End Fund,Global Allocation,http://www.bloomberg.com/quote/MEGASMM:IJ
Mega Asset Mixed (MEGASMX),MEGASMX:IJ,Open-End Fund,Global Allocation,http://www.bloomberg.com/quote/MEGASMX:IJ
Mega Asset Multicash (MEGASMC),MEGASMC:IJ,Open-End Fund,Enhanced MMKT (Non-US),http://www.bloomberg.com/quote/MEGASMC:IJ
Mega Asset Strategic Total Return Fund (MEGASTR),MEGASTR:IJ,Open-End Fund,Global Allocation,http://www.bloomberg.com/quote/MEGASTR:IJ
Mega Dana Kas (MEGAKAS),MEGAKAS:IJ,Open-End Fund,General (Non-US),http://www.bloomberg.com/quote/MEGAKAS:IJ
Mega Dana Kombinasi (MEGKOMB),MEGKOMB:IJ,Open-End Fund,Dynamic Allocation,http://www.bloomberg.com/quote/MEGKOMB:IJ
Mega Dana Obligasi Dua (MEGDOB2),MEGDOB2:IJ,Open-End Fund,Aggregate Bond,http://www.bloomberg.com/quote/MEGDOB2:IJ
Mega Dana Obligasi Republik Indonesia (MEGDORI),MEGDORI:IJ,Open-End Fund,Government Bond,http://www.bloomberg.com/quote/MEGDORI:IJ
Mega Dana Obligasi Syariah (MEGOSYA),MEGOSYA:IJ,Open-End Fund,Aggregate Bond,http://www.bloomberg.com/quote/MEGOSYA:IJ
Mega Dana Ori Dua (MEGDANO),MEGDANO:IJ,Open-End Fund,Government Bond,http://www.bloomberg.com/quote/MEGDANO:IJ
Mega Dana Terproteksi III (MEGPRO3),MEGPRO3:IJ,Closed-End Fund,Aggregate Bond,http://www.bloomberg.com/quote/MEGPRO3:IJ
Mega RIDO DUA (MEGRDUA),MEGRDUA:IJ,Open-End Fund,Aggregate Bond,http://www.bloomberg.com/quote/MEGRDUA:IJ
Millennium Danatama Equity Fund (MLNEQTY),MLNEQTY:IJ,Open-End Fund,Blend Broad Market,http://www.bloomberg.com/quote/MLNEQTY:IJ
MNC Dana Dollar (MNCDDOL),MNCDDOL:IJ,Open-End Fund,Foreign Aggregate Bond,http://www.bloomberg.com/quote/MNCDDOL:IJ
MNC Dana Ekuitas (BIBHEKU),BIBHEKU:IJ,Open-End Fund,Value Broad Market,http://www.bloomberg.com/quote/BIBHEKU:IJ
MNC Dana Kombinasi (BHABKOM),BHABKOM:IJ,Open-End Fund,Dynamic Allocation,http://www.bloomberg.com/quote/BHABKOM:IJ
MNC Dana Kombinasi Icon (MNCKOMI),MNCKOMI:IJ,Open-End Fund,Dynamic Allocation,http://www.bloomberg.com/quote/MNCKOMI:IJ
MNC Dana Kombinasi Konsumen (MNCDKON),MNCDKON:IJ,Open-End Fund,Dynamic Allocation,http://www.bloomberg.com/quote/MNCDKON:IJ
MNC Dana Lancar (BHADALA),BHADALA:IJ,Open-End Fund,General (Non-US),http://www.bloomberg.com/quote/BHADALA:IJ
MNC Dana Likuid (BHALIK1),BHALIK1:IJ,Open-End Fund,Aggregate Bond Intermediate,http://www.bloomberg.com/quote/BHALIK1:IJ
MNC Dana Syariah (BHAMUAM),BHAMUAM:IJ,Open-End Fund,Aggregate Bond Intermediate,http://www.bloomberg.com/quote/BHAMUAM:IJ
MNC Dana Syariah Ekuitas (MNCDSYE),MNCDSYE:IJ,Open-End Fund,Thematic Sector,http://www.bloomberg.com/quote/MNCDSYE:IJ
MNC Dana Syariah Kombinasi (MNCDSYK),MNCDSYK:IJ,Open-End Fund,Dynamic Allocation,http://www.bloomberg.com/quote/MNCDSYK:IJ
Money Market Rp (AXAMMRP),AXAMMRP:IJ,Open-End Fund,General (Non-US),http://www.bloomberg.com/quote/AXAMMRP:IJ
Net Assets Management - Net Dana Fleksi (NETFLEK),NETFLEK:IJ,Open-End Fund,Dynamic Allocation,http://www.bloomberg.com/quote/NETFLEK:IJ
Nikko BUMN Plus (NIKBUPL),NIKBUPL:IJ,Open-End Fund,Dynamic Allocation,http://www.bloomberg.com/quote/NIKBUPL:IJ
Nikko Gebyar Indonesia Dua (NIKGEB2),NIKGEB2:IJ,Open-End Fund,Government Bond,http://www.bloomberg.com/quote/NIKGEB2:IJ
Nikko Indah Nusantara Dua (NIKINN2),NIKINN2:IJ,Open-End Fund,General Corporate Bond,http://www.bloomberg.com/quote/NIKINN2:IJ
Nikko Indonesia Balanced Fund (NIKINBA),NIKINBA:IJ,Open-End Fund,Moderate Allocation,http://www.bloomberg.com/quote/NIKINBA:IJ
Nikko Indonesia Bond Fund/Indonesia (NIKINBO),NIKINBO:IJ,Open-End Fund,Aggregate Bond Long,http://www.bloomberg.com/quote/NIKINBO:IJ
Nikko Indonesia Equity Fund (NIKINEF),NIKINEF:IJ,Open-End Fund,Growth Broad Market,http://www.bloomberg.com/quote/NIKINEF:IJ
Nikko Indonesia Money Market Fund (NIKINMM),NIKINMM:IJ,Open-End Fund,General (Non-US),http://www.bloomberg.com/quote/NIKINMM:IJ
Nikko Kas Manajemen (NIKMANJ),NIKMANJ:IJ,Open-End Fund,General (Non-US),http://www.bloomberg.com/quote/NIKMANJ:IJ
Nikko Tron Dua (NIKTRO2),NIKTRO2:IJ,Open-End Fund,Aggregate Bond,http://www.bloomberg.com/quote/NIKTRO2:IJ
NISP Dana Handal (NISHAND),NISHAND:IJ,Open-End Fund,Dynamic Allocation,http://www.bloomberg.com/quote/NISHAND:IJ
NISP Dana Idola (NISDOLA),NISDOLA:IJ,Open-End Fund,Aggregate Bond USD Focused,http://www.bloomberg.com/quote/NISDOLA:IJ
NISP Dana Pendapatan Riil (NISPDPR),NISPDPR:IJ,Open-End Fund,Aggregate Bond,http://www.bloomberg.com/quote/NISPDPR:IJ
NISP Dana Siaga (NISSIAG),NISSIAG:IJ,Open-End Fund,General (Non-US),http://www.bloomberg.com/quote/NISSIAG:IJ
NISP Dana Tetap II (NISDAT2),NISDAT2:IJ,Open-End Fund,Aggregate Bond,http://www.bloomberg.com/quote/NISDAT2:IJ
NISP Dana Tetap Likuid (NISTLIQ),NISTLIQ:IJ,Open-End Fund,General (Non-US),http://www.bloomberg.com/quote/NISTLIQ:IJ
NISP Flexigrowth (NISFLXG),NISFLXG:IJ,Open-End Fund,Dynamic Allocation,http://www.bloomberg.com/quote/NISFLXG:IJ
NISP Indeks Saham Progresif (NISINDK),NISINDK:IJ,Open-End Fund,Blend Broad Market,http://www.bloomberg.com/quote/NISINDK:IJ
NISP Indonesia Sector Leader (NISPISL),NISPISL:IJ,Open-End Fund,Growth Broad Market,http://www.bloomberg.com/quote/NISPISL:IJ
NISP Obligasi Negara Extra (NISPONE),NISPONE:IJ,Open-End Fund,Government Bond,http://www.bloomberg.com/quote/NISPONE:IJ
NISP Proteksi Capital Plus I (NISPCPI),NISPCPI:IJ,Open-End Fund,Aggregate Bond,http://www.bloomberg.com/quote/NISPCPI:IJ
NISP Proteksi Income Plus VII (NISPVII),NISPVII:IJ,Closed-End Fund,General Corporate Bond,http://www.bloomberg.com/quote/NISPVII:IJ
Panin Dana Bersama (PANDBER),PANDBER:IJ,Open-End Fund,Dynamic Allocation,http://www.bloomberg.com/quote/PANDBER:IJ
Panin Dana Bersama Plus (PANDBPL),PANDBPL:IJ,Open-End Fund,Moderate Allocation,http://www.bloomberg.com/quote/PANDBPL:IJ
Panin Dana Prima (PTPPRMA),PTPPRMA:IJ,Open-End Fund,Blend Broad Market,http://www.bloomberg.com/quote/PTPPRMA:IJ
Panin Dana Prioritas (PAMPRIO),PAMPRIO:IJ,Open-End Fund,Conservative Allocation,http://www.bloomberg.com/quote/PAMPRIO:IJ
Panin Dana Syariah Berimbang (PANDSYB),PANDSYB:IJ,Open-End Fund,Dynamic Allocation,http://www.bloomberg.com/quote/PANDSYB:IJ
Panin Dana Syariah Saham (PANDSYS),PANDSYS:IJ,Open-End Fund,Growth Broad Market,http://www.bloomberg.com/quote/PANDSYS:IJ
Panin Dana Unggulan (PANDGUL),PANDGUL:IJ,Open-End Fund,Blend Broad Market,http://www.bloomberg.com/quote/PANDGUL:IJ
Panin Dana US Dollar (PTPDUSD),PTPDUSD:IJ,Open-End Fund,Conservative Allocation,http://www.bloomberg.com/quote/PTPDUSD:IJ
Panin Dana Utama Plus 2 (PTPDUP2),PTPDUP2:IJ,Open-End Fund,Aggregate Bond,http://www.bloomberg.com/quote/PTPDUP2:IJ
Panin Gebyar Indonesia II (PANGEB2),PANGEB2:IJ,Open-End Fund,Government Bond,http://www.bloomberg.com/quote/PANGEB2:IJ
PG Sejahtera (PGSEJAH),PGSEJAH:IJ,Open-End Fund,Aggregate Bond,http://www.bloomberg.com/quote/PGSEJAH:IJ
Phillip Rupiah Balanced Fund (PHILBAL),PHILBAL:IJ,Open-End Fund,Dynamic Allocation,http://www.bloomberg.com/quote/PHILBAL:IJ
Platinum Bond Fund (COMPBOF),COMPBOF:IJ,Open-End Fund,Aggregate Bond,http://www.bloomberg.com/quote/COMPBOF:IJ
Platinum Dynamic Strategic Fund (COMPDYS),COMPDYS:IJ,Open-End Fund,Growth Broad Market,http://www.bloomberg.com/quote/COMPDYS:IJ
Platinum Equity Dynamic Fund (COMPEDY),COMPEDY:IJ,Open-End Fund,Growth Broad Market,http://www.bloomberg.com/quote/COMPEDY:IJ
Platinum Equity Fund (COMPLEQ),COMPLEQ:IJ,Open-End Fund,Growth Broad Market,http://www.bloomberg.com/quote/COMPLEQ:IJ
Platinum Equity Income Fund (COMPEIN),COMPEIN:IJ,Open-End Fund,Blend Broad Market,http://www.bloomberg.com/quote/COMPEIN:IJ
Platinum Money Market Fund (COMPMOM),COMPMOM:IJ,Open-End Fund,General (Non-US),http://www.bloomberg.com/quote/COMPMOM:IJ
PNM Amanah Syariah (PNMAMAN),PNMAMAN:IJ,Open-End Fund,Aggregate Bond,http://www.bloomberg.com/quote/PNMAMAN:IJ
PNM Dana Sejahtera Dua (PNMSEDU),PNMSEDU:IJ,Open-End Fund,Aggregate Bond,http://www.bloomberg.com/quote/PNMSEDU:IJ
PNM Puas (PNMPUAS),PNMPUAS:IJ,Open-End Fund,General (Non-US),http://www.bloomberg.com/quote/PNMPUAS:IJ
PNM Saham Agresif (PNMSAGR),PNMSAGR:IJ,Open-End Fund,Foreign Growth,http://www.bloomberg.com/quote/PNMSAGR:IJ
PNM Syariah (PNMSYAR),PNMSYAR:IJ,Open-End Fund,Dynamic Allocation,http://www.bloomberg.com/quote/PNMSYAR:IJ
Portfolio Panin Dana Maksima (PTPDMAI),PTPDMAI:IJ,Open-End Fund,Blend Broad Market,http://www.bloomberg.com/quote/PTPDMAI:IJ
Pratama Berimbang (PLAIMBA),PLAIMBA:IJ,Open-End Fund,Dynamic Allocation,http://www.bloomberg.com/quote/PLAIMBA:IJ
Pratama Ekuitas (PLASHAM),PLASHAM:IJ,Open-End Fund,Blend Broad Market,http://www.bloomberg.com/quote/PLASHAM:IJ
Pratama Saham (PRASHAM),PRASHAM:IJ,Open-End Fund,Blend Large Cap,http://www.bloomberg.com/quote/PRASHAM:IJ
Premier Campuran Fleksibel (INDOPCI),INDOPCI:IJ,Open-End Fund,Dynamic Allocation,http://www.bloomberg.com/quote/INDOPCI:IJ
Premier Ekuitas Makro Plus (IPIMEMP),IPIMEMP:IJ,Open-End Fund,Foreign Growth,http://www.bloomberg.com/quote/IPIMEMP:IJ
Premier ETF IDX30 (XIIT),XIIT:IJ,ETF,Broad Market,http://www.bloomberg.com/quote/XIIT:IJ
Premier ETF Indonesia Consumer (XIIC),XIIC:IJ,ETF,Consumer Discretionary,http://www.bloomberg.com/quote/XIIC:IJ
Premier ETF LQ 45 (R/LQ45X),R/LQ45X:IJ,ETF,Large-cap,http://www.bloomberg.com/quote/R+LQ45X:IJ
Premier ETF Syariah JII (XIJI),XIJI:IJ,ETF,Thematic,http://www.bloomberg.com/quote/XIJI:IJ
Premier Obligasi (IPCPROB),IPCPROB:IJ,Open-End Fund,Government Short,http://www.bloomberg.com/quote/IPCPROB:IJ
Prospera Balance (PROBALA),PROBALA:IJ,Open-End Fund,Dynamic Allocation,http://www.bloomberg.com/quote/PROBALA:IJ
Prospera Bijak (PRBIJAK),PRBIJAK:IJ,Open-End Fund,Foreign Growth,http://www.bloomberg.com/quote/PRBIJAK:IJ
Prospera Obligasi (PROOBLI),PROOBLI:IJ,Open-End Fund,Aggregate Bond,http://www.bloomberg.com/quote/PROOBLI:IJ
Prospera Obligasi Plus (PROOBLP),PROOBLP:IJ,Open-End Fund,Aggregate Bond,http://www.bloomberg.com/quote/PROOBLP:IJ
Prulink Rupiah Cash Fund (PRURUCS),PRURUCS:IJ,Open-End Fund,Currency Focused (Non-US),http://www.bloomberg.com/quote/PRURUCS:IJ
Prulink Rupiah Equity Fund (PRURUEQ),PRURUEQ:IJ,Open-End Fund,Growth Broad Market,http://www.bloomberg.com/quote/PRURUEQ:IJ
Prulink Rupiah Fixed Income Fund (PRURUFI),PRURUFI:IJ,Open-End Fund,Aggregate Bond,http://www.bloomberg.com/quote/PRURUFI:IJ
PRUlink Rupiah Indonesia Greater China Equity Fund (PRURUGC),PRURUGC:IJ,Open-End Fund,Multiple Region,http://www.bloomberg.com/quote/PRURUGC:IJ
Prulink Rupiah Managed Fund (PRURUMG),PRURUMG:IJ,Open-End Fund,Aggregate Bond,http://www.bloomberg.com/quote/PRURUMG:IJ
Prulink Rupiah Managed Fund Plus (PRURUMP),PRURUMP:IJ,Open-End Fund,Blend Broad Market,http://www.bloomberg.com/quote/PRURUMP:IJ
Prulink Syariah Rupiah Cash & Bond Fund (PRUSRCB),PRUSRCB:IJ,Open-End Fund,Aggregate Bond,http://www.bloomberg.com/quote/PRUSRCB:IJ
Prulink Syariah Rupiah Equity Fund (PRUSREQ),PRUSREQ:IJ,Open-End Fund,Thematic Sector,http://www.bloomberg.com/quote/PRUSREQ:IJ
Prulink Syariah Rupiah Managed Fund (PRUSRMG),PRUSRMG:IJ,Open-End Fund,Moderate Allocation,http://www.bloomberg.com/quote/PRUSRMG:IJ
Prulink US Dollar Fixed Income Fund (PRUSDFI),PRUSDFI:IJ,Open-End Fund,Aggregate Bond USD Focused,http://www.bloomberg.com/quote/PRUSDFI:IJ
PRUlink US Dollar Indonesia Greater China Equity Fund (PRUSDGC),PRUSDGC:IJ,Open-End Fund,Multiple Region,http://www.bloomberg.com/quote/PRUSDGC:IJ
Reksa Dana CIMB-Principal Dollar Bond (GKGSMAR),GKGSMAR:IJ,Open-End Fund,Aggregate Bond USD Focused,http://www.bloomberg.com/quote/GKGSMAR:IJ
Reksa Dana CIMB-Principal Balanced Strategic Plus (CIMBBSP),CIMBBSP:IJ,Open-End Fund,Dynamic Allocation,http://www.bloomberg.com/quote/CIMBBSP:IJ
Reksa Dana CIMB-Principal Equity Focus (CIMBPEF),CIMBPEF:IJ,Open-End Fund,Growth Broad Market,http://www.bloomberg.com/quote/CIMBPEF:IJ
Reksa Dana Danareksa Mawar Agresif (DNMWAGG),DNMWAGG:IJ,Open-End Fund,Blend Broad Market,http://www.bloomberg.com/quote/DNMWAGG:IJ
Reksa Dana Eastspring Investments Alpha Navigator (RKDSEAN),RKDSEAN:IJ,Open-End Fund,Growth Broad Market,http://www.bloomberg.com/quote/RKDSEAN:IJ
Reksa Dana Eastspring Investments Cash Reserve (RDESICR),RDESICR:IJ,Open-End Fund,General (Non-US),http://www.bloomberg.com/quote/RDESICR:IJ
Reksa Dana Indeks CIMB - Principal Index IDX30 (CPIDX30),CPIDX30:IJ,Open-End Fund,Growth Broad Market,http://www.bloomberg.com/quote/CPIDX30:IJ
Reksa Dana Insight-METI Renewable Energy Fund (REKSADA),REKSADA:IJ,Open-End Fund,Foreign Government Bond,http://www.bloomberg.com/quote/REKSADA:IJ
Reksa Dana IPB Syariah (KMJIPBS),KMJIPBS:IJ,Open-End Fund,Dynamic Allocation,http://www.bloomberg.com/quote/KMJIPBS:IJ
Reksa Dana Kresna Olympus (RKDKOLY),RKDKOLY:IJ,Open-End Fund,Conservative Allocation,http://www.bloomberg.com/quote/RKDKOLY:IJ
Reksa Dana Kresna Optimus (KMRIPBK),KMRIPBK:IJ,Open-End Fund,Dynamic Allocation,http://www.bloomberg.com/quote/KMRIPBK:IJ
Reksa Dana Makara Prima (BTCIREK),BTCIREK:IJ,Open-End Fund,Aggregate Bond,http://www.bloomberg.com/quote/BTCIREK:IJ
Reksa Dana Minna Padi Property Plus (MIPAPPL),MIPAPPL:IJ,Open-End Fund,Moderate Allocation,http://www.bloomberg.com/quote/MIPAPPL:IJ
Reksa Dana Narada Saham Indonesia (NARSAIN),NARSAIN:IJ,Open-End Fund,Growth Broad Market,http://www.bloomberg.com/quote/NARSAIN:IJ
Reksa Dana PNM Ekuitas Syariah (PNMEQTY),PNMEQTY:IJ,Open-End Fund,Thematic Sector,http://www.bloomberg.com/quote/PNMEQTY:IJ
Reksa Dana Syariah BNP Paribas Pesona Syariah (FORAMAN),FORAMAN:IJ,Open-End Fund,Thematic Sector,http://www.bloomberg.com/quote/FORAMAN:IJ
Reksa Dana Terproteksi Bahana Optima Protected Fund 12 (BAHOP12),BAHOP12:IJ,Closed-End Fund,Aggregate Bond,http://www.bloomberg.com/quote/BAHOP12:IJ
Reksa Dana Valbury Balanced I (VALBALI),VALBALI:IJ,Open-End Fund,Moderate Allocation,http://www.bloomberg.com/quote/VALBALI:IJ
Reksadana Keraton (MINKRAT),MINKRAT:IJ,Open-End Fund,Dynamic Allocation,http://www.bloomberg.com/quote/MINKRAT:IJ
Reksadana Minna Padi Keraton II (MIPAKE2),MIPAKE2:IJ,Open-End Fund,Dynamic Allocation,http://www.bloomberg.com/quote/MIPAKE2:IJ
Rencana Cerdas (PTLCERD),PTLCERD:IJ,Open-End Fund,Growth Broad Market,http://www.bloomberg.com/quote/PTLCERD:IJ
RHB OSK Alpha Sector Rotation (OSKNASR),OSKNASR:IJ,Open-End Fund,Blend Broad Market,http://www.bloomberg.com/quote/OSKNASR:IJ
RHB OSK Indonesia Dynamic Resources Plus (OSKNDRP),OSKNDRP:IJ,Open-End Fund,Aggressive Allocation,http://www.bloomberg.com/quote/OSKNDRP:IJ
RHB OSK LQ45 Tracker (OSKLQ45),OSKLQ45:IJ,Open-End Fund,Growth Large Cap,http://www.bloomberg.com/quote/OSKLQ45:IJ
RHB OSK Rupiah Liquid Fund (OSKNRLQ),OSKNRLQ:IJ,Open-End Fund,General (Non-US),http://www.bloomberg.com/quote/OSKNRLQ:IJ
Riau Income Fund (SIRIAUI),SIRIAUI:IJ,Open-End Fund,Aggregate Bond,http://www.bloomberg.com/quote/SIRIAUI:IJ
Riau Liquid Fund (SIRIAUL),SIRIAUL:IJ,Open-End Fund,General (Non-US),http://www.bloomberg.com/quote/SIRIAUL:IJ
SAM Dana Berkembang (SAMGRTI),SAMGRTI:IJ,Open-End Fund,Dynamic Allocation,http://www.bloomberg.com/quote/SAMGRTI:IJ
SAM Indonesian Equity Fund (SAMIDEQ),SAMIDEQ:IJ,Open-End Fund,Growth Broad Market,http://www.bloomberg.com/quote/SAMIDEQ:IJ
SAM Sharia Equity Fund (SAMSHEQ),SAMSHEQ:IJ,Open-End Fund,Growth Broad Market,http://www.bloomberg.com/quote/SAMSHEQ:IJ
SAM Sukuk Syariah Sejahtera (SASUSYS),SASUSYS:IJ,Open-End Fund,Aggregate Bond,http://www.bloomberg.com/quote/SASUSYS:IJ
SAM Syariah Berimbang (SAMSYBE),SAMSYBE:IJ,Open-End Fund,Dynamic Allocation,http://www.bloomberg.com/quote/SAMSYBE:IJ
Schroder 90 Plus Equity Fund (SCHEQ90),SCHEQ90:IJ,Open-End Fund,Blend Broad Market,http://www.bloomberg.com/quote/SCHEQ90:IJ
Schroder Dana Andalan II (SCHDAII),SCHDAII:IJ,Open-End Fund,Government Bond,http://www.bloomberg.com/quote/SCHDAII:IJ
Schroder Dana Istimewa (SCHISTI),SCHISTI:IJ,Open-End Fund,Blend Small Cap,http://www.bloomberg.com/quote/SCHISTI:IJ
Schroder Dana Kombinasi (SCHKOMB),SCHKOMB:IJ,Open-End Fund,Conservative Allocation,http://www.bloomberg.com/quote/SCHKOMB:IJ
Schroder Dana Likuid (SCHDLKD),SCHDLKD:IJ,Open-End Fund,General (Non-US),http://www.bloomberg.com/quote/SCHDLKD:IJ
Schroder Dana Mantap Plus II (SCHMAP2),SCHMAP2:IJ,Open-End Fund,Government Bond,http://www.bloomberg.com/quote/SCHMAP2:IJ
Schroder Dana Prestasi (SCPDPRI),SCPDPRI:IJ,Open-End Fund,Aggressive Allocation,http://www.bloomberg.com/quote/SCPDPRI:IJ
Schroder Dana Prestasi Plus (SCHPPLU),SCHPPLU:IJ,Open-End Fund,Growth Broad Market,http://www.bloomberg.com/quote/SCHPPLU:IJ
Schroder Dana Terpadu II (SCHTER2),SCHTER2:IJ,Open-End Fund,Dynamic Allocation,http://www.bloomberg.com/quote/SCHTER2:IJ
Schroder IDR Bond Fund II (SCHIDB2),SCHIDB2:IJ,Open-End Fund,Aggregate Bond,http://www.bloomberg.com/quote/SCHIDB2:IJ
Schroder IDR Regular Dividend Plan I (SCHDVP1),SCHDVP1:IJ,Open-End Fund,Government Intermediate,http://www.bloomberg.com/quote/SCHDVP1:IJ
Schroder Indo Equity Fund (SCHINDE),SCHINDE:IJ,Open-End Fund,Blend Broad Market,http://www.bloomberg.com/quote/SCHINDE:IJ
Schroder Prestasi Gebyar Indonesia II (SCHGEB2),SCHGEB2:IJ,Open-End Fund,Government Bond,http://www.bloomberg.com/quote/SCHGEB2:IJ
Schroder Providence Fund (SCHRPRO),SCHRPRO:IJ,Open-End Fund,Dynamic Allocation,http://www.bloomberg.com/quote/SCHRPRO:IJ
Schroder Regular Income Plan VII (SCHREGI),SCHREGI:IJ,Closed-End Fund,Aggregate Bond Short,http://www.bloomberg.com/quote/SCHREGI:IJ
Schroder Regular Income Plan X (SCREI10),SCREI10:IJ,Closed-End Fund,Aggregate Bond Intermediate,http://www.bloomberg.com/quote/SCREI10:IJ
Schroder Regular Income Plan XI (SCREI11),SCREI11:IJ,Closed-End Fund,Aggregate Bond Intermediate,http://www.bloomberg.com/quote/SCREI11:IJ
Schroder Regular Income Plan VIII (SCREIP8),SCREIP8:IJ,Closed-End Fund,Aggregate Bond Long,http://www.bloomberg.com/quote/SCREIP8:IJ
Schroder Regular Income Plan IX (SCREIP9),SCREIP9:IJ,Closed-End Fund,Aggregate Bond Intermediate,http://www.bloomberg.com/quote/SCREIP9:IJ
Schroder Regular Income Plan XII (SCRIXII),SCRIXII:IJ,Closed-End Fund,Aggregate Bond,http://www.bloomberg.com/quote/SCRIXII:IJ
Schroder Syariah Balanced Fund (SYARBAL),SYARBAL:IJ,Open-End Fund,Dynamic Allocation,http://www.bloomberg.com/quote/SYARBAL:IJ
Schroder USD Bond Fund (SCHUSBD),SCHUSBD:IJ,Open-End Fund,Aggregate Bond USD Focused,http://www.bloomberg.com/quote/SCHUSBD:IJ
Secure Money USD (AFISMUS),AFISMUS:IJ,Open-End Fund,Aggregate Bond,http://www.bloomberg.com/quote/AFISMUS:IJ
Semesta Dana Maxima (SEMAXIM),SEMAXIM:IJ,Open-End Fund,Dynamic Allocation,http://www.bloomberg.com/quote/SEMAXIM:IJ
Simas Dana Saham (SIMSAHM),SIMSAHM:IJ,Open-End Fund,Foreign Growth,http://www.bloomberg.com/quote/SIMSAHM:IJ
Simas Danamas Instrument Negara (SIMINST),SIMINST:IJ,Open-End Fund,Government Short,http://www.bloomberg.com/quote/SIMINST:IJ
Simas Danamas Mantap Plus (SIMMANP),SIMMANP:IJ,Open-End Fund,Aggregate Bond,http://www.bloomberg.com/quote/SIMMANP:IJ
Simas Saham Unggulan (SINSAUN),SINSAUN:IJ,Open-End Fund,Growth Broad Market,http://www.bloomberg.com/quote/SINSAUN:IJ
Simas Satu Prima (SINSAPR),SINSAPR:IJ,Open-End Fund,Dynamic Allocation,http://www.bloomberg.com/quote/SINSAPR:IJ
Sinarmas Danamas Dollar (SIDADOL),SIDADOL:IJ,Open-End Fund,Aggregate Bond,http://www.bloomberg.com/quote/SIDADOL:IJ
Sinarmas Danamas Fleksi (SIDFLEK),SIDFLEK:IJ,Open-End Fund,Aggregate Bond,http://www.bloomberg.com/quote/SIDFLEK:IJ
Sinarmas Danamas Pasti (SIDPAST),SIDPAST:IJ,Open-End Fund,Aggregate Bond,http://www.bloomberg.com/quote/SIDPAST:IJ
Sinarmas Danamas Rupiah (SIDANRU),SIDANRU:IJ,Open-End Fund,Currency Focused (Non-US),http://www.bloomberg.com/quote/SIDANRU:IJ
Sinarmas Danamas Rupiah Plus (SIDARPL),SIDARPL:IJ,Open-End Fund,General (Non-US),http://www.bloomberg.com/quote/SIDARPL:IJ
Sinarmas Danamas Stabil (SIDSTAB),SIDSTAB:IJ,Open-End Fund,Aggregate Bond,http://www.bloomberg.com/quote/SIDSTAB:IJ
Sinarmas Simas Satu (SIMSATU),SIMSATU:IJ,Open-End Fund,Dynamic Allocation,http://www.bloomberg.com/quote/SIMSATU:IJ
Smartlink Dollar Managed Fund (AZUSMGD),AZUSMGD:IJ,Open-End Fund,Aggregate Bond USD Focused,http://www.bloomberg.com/quote/AZUSMGD:IJ
Smartlink Rupiah Balanced Fund (AZRPBLF),AZRPBLF:IJ,Open-End Fund,Dynamic Allocation,http://www.bloomberg.com/quote/AZRPBLF:IJ
Smartlink Rupiah Balanced Plus Fund (AZRPBPF),AZRPBPF:IJ,Open-End Fund,Aggressive Allocation,http://www.bloomberg.com/quote/AZRPBPF:IJ
Smartlink Rupiah Equity Fund (AZRPEQF),AZRPEQF:IJ,Open-End Fund,Blend Broad Market,http://www.bloomberg.com/quote/AZRPEQF:IJ
Smartlink Rupiah Fixed Income Fund (AZRPFIF),AZRPFIF:IJ,Open-End Fund,Government Bond,http://www.bloomberg.com/quote/AZRPFIF:IJ
Smartlink Rupiah Money Market Fund (AZRPMMF),AZRPMMF:IJ,Open-End Fund,General (Non-US),http://www.bloomberg.com/quote/AZRPMMF:IJ
Star Balanced (SURBALA),SURBALA:IJ,Open-End Fund,Dynamic Allocation,http://www.bloomberg.com/quote/SURBALA:IJ
Sucorinvest Equity Fund (SUCOREQ),SUCOREQ:IJ,Open-End Fund,Growth Broad Market,http://www.bloomberg.com/quote/SUCOREQ:IJ
Sucorinvest Flexi Fund (GANFLEX),GANFLEX:IJ,Open-End Fund,Dynamic Allocation,http://www.bloomberg.com/quote/GANFLEX:IJ
Sucorinvest Government Bond Fund (SUCORGB),SUCORGB:IJ,Open-End Fund,Government Intermediate,http://www.bloomberg.com/quote/SUCORGB:IJ
Sucorinvest Nusantara Fund (SUCNUSA),SUCNUSA:IJ,Open-End Fund,Dynamic Allocation,http://www.bloomberg.com/quote/SUCNUSA:IJ
Sucorinvest Sharia Equity Fund (SUCORSE),SUCORSE:IJ,Open-End Fund,Thematic Sector,http://www.bloomberg.com/quote/SUCORSE:IJ
Sun Life Financial Indonesia - Brilliance Aggressive (SLFBRAG),SLFBRAG:IJ,Open-End Fund,Growth Broad Market,http://www.bloomberg.com/quote/SLFBRAG:IJ
Sun Life Financial Indonesia - Brilliance Conservative (SLFBRIL),SLFBRIL:IJ,Open-End Fund,Aggregate Bond,http://www.bloomberg.com/quote/SLFBRIL:IJ
Sun Life Financial Indonesia - Brilliance Moderate (SLFBRMO),SLFBRMO:IJ,Open-End Fund,Moderate Allocation,http://www.bloomberg.com/quote/SLFBRMO:IJ
Sun Life Financial Indonesia - Brilliance USD Managed Fund (SLFBRUS),SLFBRUS:IJ,Open-End Fund,Aggregate Bond USD Focused,http://www.bloomberg.com/quote/SLFBRUS:IJ
Sun Life Financial Indonesia - Brilliance Xtra Dynamic (SLBXDYN),SLBXDYN:IJ,Open-End Fund,Dynamic Allocation,http://www.bloomberg.com/quote/SLBXDYN:IJ
Sun Life Financial Indonesia - Brilliance Xtra Aggressive (SLBXTAG),SLBXTAG:IJ,Open-End Fund,Blend Broad Market,http://www.bloomberg.com/quote/SLBXTAG:IJ
Sun Life Financial Indonesia - Brilliance Xtra Progressive (SFBXPRG),SFBXPRG:IJ,Open-End Fund,Enhanced MMKT (Non-US),http://www.bloomberg.com/quote/SFBXPRG:IJ
Sun Life Financial Indonesia - Brilliance Hasanah Equity (SLBHASE),SLBHASE:IJ,Open-End Fund,Thematic Sector,http://www.bloomberg.com/quote/SLBHASE:IJ
Sun Life Financial Indonesia - Brilliance Salam Balanced Fund (SLBRSAB),SLBRSAB:IJ,Open-End Fund,Dynamic Allocation,http://www.bloomberg.com/quote/SLBRSAB:IJ
Sun Life Financial Indonesia - Brilliance Salam Equity Fund (SLBRSEQ),SLBRSEQ:IJ,Open-End Fund,Blend Broad Market,http://www.bloomberg.com/quote/SLBRSEQ:IJ
Sun Life Financial Indonesia - Brilliance Xtra Prima (SLBRXPR),SLBRXPR:IJ,Open-End Fund,Aggregate Bond,http://www.bloomberg.com/quote/SLBRXPR:IJ
Sun Life Financial Indonesia - Brilliance Aggressive Multi Plus (SLBAGMP),SLBAGMP:IJ,Open-End Fund,Blend Broad Market,http://www.bloomberg.com/quote/SLBAGMP:IJ
Syailendra Balanced Opportunity Fund (SYABLOP),SYABLOP:IJ,Open-End Fund,Dynamic Allocation,http://www.bloomberg.com/quote/SYABLOP:IJ
Syailendra Equity Opportunity Fund (SYAEQOP),SYAEQOP:IJ,Open-End Fund,Blend Broad Market,http://www.bloomberg.com/quote/SYAEQOP:IJ
Syariah Dynamic Rp (AXASYDR),AXASYDR:IJ,Open-End Fund,Thematic Sector,http://www.bloomberg.com/quote/AXASYDR:IJ
Syariah Progressive Rp (AXASYPR),AXASYPR:IJ,Open-End Fund,Dynamic Allocation,http://www.bloomberg.com/quote/AXASYPR:IJ
TRAM Alpha Fund (TRAMALP),TRAMALP:IJ,Open-End Fund,Global Allocation,http://www.bloomberg.com/quote/TRAMALP:IJ
TRAM Consumption Plus Fund (TRAMCOP),TRAMCOP:IJ,Open-End Fund,Consumer Staples,http://www.bloomberg.com/quote/TRAMCOP:IJ
TRAM Equity Focus (TRAMEQF),TRAMEQF:IJ,Open-End Fund,Aggressive Allocation,http://www.bloomberg.com/quote/TRAMEQF:IJ
TRAM Infrastructure Plus Fund (TRAMINF),TRAMINF:IJ,Open-End Fund,Aggressive Allocation,http://www.bloomberg.com/quote/TRAMINF:IJ
TRAM Pendapatan Tetap USD Fund (TRAMUSD),TRAMUSD:IJ,Open-End Fund,Foreign Aggregate Bond,http://www.bloomberg.com/quote/TRAMUSD:IJ
TRAM Regular Income Fund (TRAMREG),TRAMREG:IJ,Open-End Fund,Aggregate Bond Long,http://www.bloomberg.com/quote/TRAMREG:IJ
TRAM Strategic Plus Fund (TRAMSTP),TRAMSTP:IJ,Open-End Fund,Aggregate Bond,http://www.bloomberg.com/quote/TRAMSTP:IJ
TRIM PENDAPATAN TETAP 2 (TRMPEN2),TRMPEN2:IJ,Open-End Fund,Aggregate Bond,http://www.bloomberg.com/quote/TRMPEN2:IJ
Trimegah - Trim Kapital (TRSMKPI),TRSMKPI:IJ,Open-End Fund,Blend Broad Market,http://www.bloomberg.com/quote/TRSMKPI:IJ
Trimegah - Trim Kapital Plus (TRIMKPP),TRIMKPP:IJ,Open-End Fund,Blend Broad Market,http://www.bloomberg.com/quote/TRIMKPP:IJ
Trimegah Dana Kas 2 (TRMDKA2),TRMDKA2:IJ,Open-End Fund,General (Non-US),http://www.bloomberg.com/quote/TRMDKA2:IJ
Trimegah Dana Kombinasi 2 (TRIKOM2),TRIKOM2:IJ,Open-End Fund,Dynamic Allocation,http://www.bloomberg.com/quote/TRIKOM2:IJ
Trimegah Dana Stabil (TRISTAB),TRISTAB:IJ,Open-End Fund,General Corporate Bond,http://www.bloomberg.com/quote/TRISTAB:IJ
Trimegah Syariah Berimbang (TRISYAB),TRISYAB:IJ,Open-End Fund,Dynamic Allocation,http://www.bloomberg.com/quote/TRISYAB:IJ
Trimegah Syariah Saham (TRISYAH),TRISYAH:IJ,Open-End Fund,Thematic Sector,http://www.bloomberg.com/quote/TRISYAH:IJ
UGM CIMB - Principal Balanced (UCIMBPB),UCIMBPB:IJ,Open-End Fund,Moderate Allocation,http://www.bloomberg.com/quote/UCIMBPB:IJ